{
  "train": {
    "rmse": 119.38532710320678,
    "mae": 72.08048796227651,
    "r2": 0.9949789407440602,
    "mape": 70.13795325983916
  },
  "test": {
    "rmse": 439.7959032302781,
    "mae": 155.02467566303994,
    "r2": 0.8848740863774569,
    "mape": 134.37536056680239
  }
}