{
  "baseline": {
    "model": "LightGBM (V6)",
    "r2": 0.924346506372097
  },
  "best": {
    "model": "Top3_Average",
    "r2": 0.9378525217430751,
    "type": "ensemble"
  },
  "improvement": 1.3506015370978064,
  "decision": "ADOPT: Top3_Average",
  "all_models": {
    "LightGBM": {
      "r2": 0.924346506372097,
      "rmse": 440.1419730734862
    },
    "XGBoost": {
      "r2": 0.9271362662315369,
      "rmse": 431.1312198726565
    },
    "RandomForest": {
      "r2": 0.9323912054331203,
      "rmse": 411.53450510287064
    },
    "Ridge": {
      "r2": 0.047565206615229914,
      "rmse": 1575.5204952936513
    },
    "CatBoost": {
      "r2": 0.9036169815088998,
      "rmse": 499.7876397891716
    },
    "Simple_Average": {
      "r2": 0.8859052764143603,
      "rmse": 543.6653282920267
    },
    "Weighted_Average": {
      "r2": 0.9344028483231073,
      "rmse": 409.8128649279488
    },
    "Top3_Average": {
      "r2": 0.9378525217430751,
      "rmse": 397.41863845489667
    },
    "Median": {
      "r2": 0.9302324917469409,
      "rmse": 422.6479984317748
    }
  }
}