{
  "mean_rmse": 396.8178748659732,
  "std_rmse": 71.33828516755518,
  "mean_mae": 193.3273076032598,
  "std_mae": 36.51523347273608,
  "mean_r2": 0.9380757180525583,
  "std_r2": 0.02142754728720854
}