{
  "n_splits": 5,
  "mean_rmse": 208.3759672220238,
  "std_rmse": 34.81759926242268,
  "mean_mae": 104.70086356109648,
  "std_mae": 15.468487390154618,
  "mean_r2": 0.9830343552116789,
  "std_r2": 0.005595879753254334,
  "feature_count": 97
}