{
  "1. Lag Only": {
    "n_features": 36,
    "metrics": {
      "rmse": 121.30470513126836,
      "mae": 40.72229690920163,
      "r2": 0.9912415748334995
    }
  },
  "2. Lag + Time": {
    "n_features": 58,
    "metrics": {
      "rmse": 126.58868220613556,
      "mae": 42.87690287081584,
      "r2": 0.9904619303733367
    }
  },
  "3. Lag + Time + Location": {
    "n_features": 62,
    "metrics": {
      "rmse": 131.56705573999494,
      "mae": 43.3111251151729,
      "r2": 0.9896969681435651
    }
  },
  "4. Lag + Time + Location + Weather": {
    "n_features": 88,
    "metrics": {
      "rmse": 131.92770924017643,
      "mae": 42.557505822795804,
      "r2": 0.9896404050865554
    }
  },
  "5. Lag + Time + Location + Event": {
    "n_features": 75,
    "metrics": {
      "rmse": 135.53779770448574,
      "mae": 44.179578796006716,
      "r2": 0.9890656850249578
    }
  },
  "6. Lag + Time + Location + Weather + Event": {
    "n_features": 101,
    "metrics": {
      "rmse": 140.06094036407794,
      "mae": 45.64302710013753,
      "r2": 0.988323711787325
    }
  },
  "7. All Features": {
    "n_features": 114,
    "metrics": {
      "rmse": 167.4596907154559,
      "mae": 48.03651019275622,
      "r2": 0.9833086562924335
    }
  },
  "8. No Lag (외부요인만)": {
    "n_features": 78,
    "metrics": {
      "rmse": 1006.2011259894447,
      "mae": 482.36803186614753,
      "r2": 0.39738445755499296
    }
  }
}